time,cases,interview_completed,ct_frac,fhat,fhat_var,fhat_std
1/1/2020,0,0,0,-0.014014399,0.001620726,0.040258241
1/2/2020,0,0,0,-0.011278402,0.001173228,0.034252411
1/3/2020,0,0,0,-0.008465169,0.00087813,0.029633251
1/4/2020,0,0,0,-0.005512135,0.000693476,0.02633393
1/5/2020,9,0,0,-0.0023195,0.00058707,0.024229526
1/6/2020,0,0,0,0.001224565,0.000530308,0.023028421
1/7/2020,1,0,0,0.005242142,0.000504001,0.022449971
1/8/2020,1,0,0,0.009846994,0.000493828,0.022222234
1/9/2020,0,0,0,0.015139443,0.000490985,0.022158188
1/10/2020,0,0,0,0.021181734,0.000491068,0.022160051
1/11/2020,0,0,0,0.027997153,0.000490491,0.022147032
1/12/2020,1,0,0,0.035527432,0.00048991,0.022133908
1/13/2020,0,0,0,0.043646565,0.000487321,0.022075348
1/14/2020,0,0,0,0.052090533,0.000485223,0.022027787
1/15/2020,0,0,0,0.060492959,0.0004817,0.021947665
1/16/2020,0,0,0,0.068288539,0.000479387,0.021894912
1/17/2020,0,0,0,0.074770298,0.000476393,0.021826422
1/18/2020,0,0,0,0.078997592,0.000474668,0.021786875
1/19/2020,1,1,1,0.080214719,0.000472809,0.021744178
1/20/2020,0,0,0,0.078060885,0.000471732,0.021719395
1/21/2020,0,0,0,0.072825468,0.000470952,0.02170142
1/22/2020,0,0,0,0.065497785,0.000470247,0.021685184
1/23/2020,0,0,0,0.056989969,0.000470231,0.021684803
1/24/2020,1,0,0,0.048101593,0.000469634,0.021671033
1/25/2020,0,0,0,0.039440353,0.000470051,0.021680668
1/26/2020,1,0,0,0.031487062,0.000469445,0.021666676
1/27/2020,0,0,0,0.024576013,0.000470023,0.02168002
1/28/2020,0,0,0,0.018963366,0.000469438,0.021666512
1/29/2020,0,0,0,0.014807876,0.000469965,0.021678675
1/30/2020,0,0,0,0.012221132,0.000469509,0.021668161
1/31/2020,0,0,0,0.011254534,0.000469847,0.021675955
2/1/2020,1,0,0,0.011925324,0.00046962,0.021670723
2/2/2020,0,0,0,0.014208224,0.000469696,0.021672468
2/3/2020,0,0,0,0.01803815,0.000469749,0.021673705
2/4/2020,0,0,0,0.023305505,0.000469549,0.021669079
2/5/2020,0,0,0,0.029834306,0.000469873,0.021676543
2/6/2020,0,0,0,0.03738659,0.000469438,0.021666524
2/7/2020,0,0,0,0.045610402,0.000469959,0.021678537
2/8/2020,0,0,0,0.054063685,0.000469385,0.021665296
2/9/2020,0,0,0,0.062128665,0.000469977,0.021678949
2/10/2020,0,0,0,0.069066641,0.000469399,0.021665616
2/11/2020,0,0,0,0.073922518,0.000469914,0.021677502
2/12/2020,1,1,1,0.075907749,0.000469475,0.021667371
2/13/2020,0,0,0,0.074748275,0.000469796,0.021674776
2/14/2020,0,0,0,0.070718645,0.000469596,0.021670169
2/15/2020,0,0,0,0.064842329,0.000469654,0.021671512
2/16/2020,0,0,0,0.058093783,0.000469738,0.021673438
2/17/2020,0,0,0,0.051309964,0.000469521,0.021668437
2/18/2020,0,0,0,0.045147373,0.00046987,0.021676474
2/19/2020,1,0,0,0.040114813,0.000469423,0.021666176
2/20/2020,0,0,0,0.036560905,0.000469958,0.021678518
2/21/2020,1,0,0,0.034729047,0.00046938,0.021665187
2/22/2020,1,0,0,0.034721347,0.000469973,0.02167885
2/23/2020,1,0,0,0.036553749,0.000469402,0.021665687
2/24/2020,2,0,0,0.04010577,0.000469905,0.021677301
2/25/2020,1,0,0,0.045164451,0.000469483,0.021667564
2/26/2020,2,0,0,0.051373699,0.000469784,0.021674511
2/27/2020,3,1,0.333333333,0.058379827,0.000469608,0.02167043
2/28/2020,10,0,0,0.065869402,0.000469643,0.021671237
2/29/2020,18,1,0.055555556,0.073684936,0.00046975,0.021673708
3/1/2020,16,2,0.125,0.081831796,0.000469511,0.021668208
3/2/2020,31,4,0.129032258,0.090355656,0.000469879,0.02167669
3/3/2020,24,3,0.125,0.099337872,0.000469417,0.021666038
3/4/2020,38,4,0.105263158,0.108959282,0.000469962,0.021678618
3/5/2020,51,4,0.078431373,0.119444368,0.00046938,0.02166517
3/6/2020,39,4,0.102564103,0.13099508,0.00046997,0.021678785
3/7/2020,38,5,0.131578947,0.143772389,0.000469407,0.021665794
3/8/2020,61,4,0.06557377,0.157824529,0.000469897,0.021677105
3/9/2020,61,10,0.163934426,0.173101588,0.000469492,0.021667772
3/10/2020,110,11,0.1,0.189386748,0.000469773,0.021674246
3/11/2020,134,17,0.126865672,0.20630981,0.000469619,0.021670696
3/12/2020,179,34,0.189944134,0.223300571,0.000469631,0.021670965
3/13/2020,216,61,0.282407407,0.239660541,0.000469761,0.021673978
3/14/2020,156,55,0.352564103,0.254587413,0.000469502,0.021667987
3/15/2020,108,33,0.305555556,0.267408226,0.000469888,0.021676902
3/16/2020,300,104,0.346666667,0.277571306,0.000469412,0.021665911
3/17/2020,268,89,0.332089552,0.284743882,0.000469966,0.021678708
3/18/2020,289,106,0.366782007,0.288738227,0.000469379,0.021665165
3/19/2020,334,99,0.296407186,0.289581469,0.000469966,0.021678708
3/20/2020,303,91,0.300330033,0.287401928,0.000469412,0.021665911
3/21/2020,197,55,0.279187817,0.282439894,0.000469888,0.021676902
3/22/2020,191,46,0.240837696,0.274954641,0.000469502,0.021667987
3/23/2020,463,130,0.280777538,0.265197938,0.000469761,0.021673978
3/24/2020,438,118,0.269406393,0.253421821,0.000469631,0.021670965
3/25/2020,441,145,0.328798186,0.239884459,0.000469619,0.021670696
3/26/2020,435,97,0.222988506,0.224941731,0.000469773,0.021674246
3/27/2020,463,96,0.207343413,0.209048471,0.000469492,0.021667772
3/28/2020,287,46,0.160278746,0.19269944,0.000469897,0.021677105
3/29/2020,242,40,0.165289256,0.176405444,0.000469407,0.021665794
3/30/2020,565,81,0.143362832,0.16061691,0.00046997,0.021678785
3/31/2020,465,55,0.11827957,0.145740391,0.00046938,0.02166517
4/1/2020,451,46,0.101995565,0.132104453,0.000469962,0.021678618
4/2/2020,397,33,0.083123426,0.11997893,0.000469417,0.021666038
4/3/2020,415,38,0.091566265,0.109523064,0.000469879,0.02167669
4/4/2020,207,10,0.048309179,0.100821025,0.000469511,0.021668208
4/5/2020,171,15,0.087719298,0.093845543,0.00046975,0.021673708
4/6/2020,394,41,0.104060914,0.088513565,0.000469642,0.021671237
4/7/2020,414,35,0.084541063,0.084683519,0.000469608,0.02167043
4/8/2020,345,27,0.07826087,0.082214387,0.000469784,0.021674511
4/9/2020,363,23,0.063360882,0.080968732,0.000469483,0.021667564
4/10/2020,310,32,0.103225806,0.08079639,0.000469905,0.021677301
4/11/2020,155,8,0.051612903,0.081539231,0.000469402,0.021665686
4/12/2020,89,12,0.134831461,0.08304227,0.000469972,0.021678849
4/13/2020,374,38,0.101604278,0.08516606,0.00046938,0.021665186
4/14/2020,304,27,0.088815789,0.087836338,0.000469958,0.021678516
4/15/2020,328,27,0.082317073,0.091005017,0.000469423,0.021666174
4/16/2020,309,25,0.080906149,0.094645927,0.000469869,0.021676472
4/17/2020,347,23,0.066282421,0.098713164,0.000469521,0.021668435
4/18/2020,174,18,0.103448276,0.103112736,0.000469738,0.021673435
4/19/2020,97,10,0.103092784,0.107720511,0.000469654,0.02167151
4/20/2020,333,59,0.177177177,0.112381333,0.000469596,0.021670166
4/21/2020,271,25,0.092250923,0.116979034,0.000469796,0.021674772
4/22/2020,285,29,0.101754386,0.121434115,0.000469475,0.021667363
4/23/2020,273,29,0.106227106,0.125651182,0.000469913,0.021677487
4/24/2020,350,42,0.12,0.129519751,0.000469398,0.021665588
4/25/2020,166,34,0.204819277,0.132900405,0.000469975,0.021678899
4/26/2020,113,16,0.14159292,0.13566364,0.000469381,0.021665212
4/27/2020,370,61,0.164864865,0.13777859,0.000469953,0.021678402
4/28/2020,295,48,0.162711864,0.139271194,0.000469429,0.021666319
4/29/2020,328,47,0.143292683,0.140252474,0.00046986,0.021676246
4/30/2020,247,27,0.109311741,0.140857946,0.000469531,0.021668667
5/1/2020,317,48,0.151419558,0.141240326,0.000469726,0.021673162
5/2/2020,111,15,0.135135135,0.14153594,0.000469666,0.021671784
5/3/2020,85,9,0.105882353,0.141855576,0.000469585,0.021669906
5/4/2020,388,66,0.170103093,0.142280199,0.000469807,0.02167503
5/5/2020,259,28,0.108108108,0.142862955,0.000469466,0.021667169
5/6/2020,291,41,0.140893471,0.143628478,0.000469921,0.021677665
5/7/2020,266,34,0.127819549,0.144579378,0.000469394,0.0216655
5/8/2020,252,42,0.166666667,0.145683703,0.000469976,0.021678936
5/9/2020,127,23,0.181102362,0.146900399,0.000469383,0.021665249
5/10/2020,61,4,0.06557377,0.148209755,0.000469948,0.021678276
5/11/2020,295,43,0.145762712,0.1495732,0.000469436,0.021666472
5/12/2020,251,43,0.171314741,0.150883228,0.00046985,0.021676014
5/13/2020,308,47,0.152597403,0.152014996,0.000469541,0.021668906
5/14/2020,272,38,0.139705882,0.152834054,0.000469714,0.021672887
5/15/2020,280,54,0.192857143,0.153219978,0.000469678,0.021672059
5/16/2020,119,23,0.193277311,0.153075873,0.000469574,0.02166965
5/17/2020,64,11,0.171875,0.152385182,0.000469818,0.021675283
5/18/2020,319,53,0.166144201,0.151205188,0.000469458,0.021666983
5/19/2020,298,33,0.110738255,0.149649129,0.000469928,0.021677833
5/20/2020,270,41,0.151851852,0.14785678,0.000469391,0.021665422
5/21/2020,297,42,0.141414141,0.14593466,0.000469977,0.021678958
5/22/2020,313,35,0.111821086,0.14397031,0.000469385,0.021665296
5/23/2020,150,32,0.213333333,0.142027923,0.000469942,0.021678139
5/24/2020,103,14,0.13592233,0.14018455,0.000469443,0.021666634
5/25/2020,149,16,0.10738255,0.138568179,0.000469839,0.021675776
5/26/2020,398,47,0.118090452,0.13729933,0.000469552,0.021669149
5/27/2020,351,48,0.136752137,0.13646844,0.000469702,0.021672611
5/28/2020,303,31,0.102310231,0.136121954,0.00046969,0.021672335
5/29/2020,344,37,0.10755814,0.136253883,0.000469563,0.021669397
5/30/2020,148,29,0.195945946,0.136818005,0.000469829,0.021675532
5/31/2020,99,15,0.151515152,0.137742025,0.00046945,0.021666805
6/1/2020,412,47,0.11407767,0.139004184,0.000469935,0.021677991
6/2/2020,414,61,0.147342995,0.140610639,0.000469388,0.021665354
6/3/2020,382,49,0.128272251,0.142558023,0.000469978,0.021678965
6/4/2020,327,31,0.094801223,0.144822668,0.000469388,0.021665354
6/5/2020,393,57,0.145038168,0.147314795,0.000469935,0.021677991
6/6/2020,163,34,0.208588957,0.149924335,0.00046945,0.021666805
6/7/2020,109,17,0.155963303,0.152531796,0.000469829,0.021675532
6/8/2020,510,80,0.156862745,0.155051436,0.000469563,0.021669397
6/9/2020,409,66,0.161369193,0.157459524,0.00046969,0.021672335
6/10/2020,368,62,0.168478261,0.159749279,0.000469702,0.021672611
6/11/2020,399,55,0.137844612,0.161925993,0.000469552,0.021669149
6/12/2020,390,61,0.156410256,0.163984132,0.000469839,0.021675776
6/13/2020,193,43,0.222797927,0.165912046,0.000469443,0.021666634
6/14/2020,136,22,0.161764706,0.167729381,0.000469942,0.021678139
6/15/2020,520,89,0.171153846,0.169477318,0.000469385,0.021665296
6/16/2020,493,63,0.127789047,0.171221329,0.000469977,0.021678958
6/17/2020,462,77,0.166666667,0.173016528,0.000469391,0.021665422
6/18/2020,540,74,0.137037037,0.17484364,0.000469928,0.021677833
6/19/2020,518,93,0.17953668,0.176644481,0.000469458,0.021666983
6/20/2020,315,81,0.257142857,0.178308602,0.000469818,0.021675283
6/21/2020,191,37,0.193717277,0.179766836,0.000469574,0.02166965
6/22/2020,723,101,0.139695712,0.181033872,0.000469678,0.021672059
6/23/2020,621,117,0.188405797,0.182139379,0.000469714,0.021672887
6/24/2020,679,123,0.181148748,0.183118827,0.000469541,0.021668906
6/25/2020,666,90,0.135135135,0.183974422,0.00046985,0.021676014
6/26/2020,624,128,0.205128205,0.184679987,0.000469436,0.021666472
6/27/2020,489,120,0.245398773,0.185192327,0.000469948,0.021678276
6/28/2020,265,50,0.188679245,0.185475416,0.000469383,0.021665249
6/29/2020,990,191,0.192929293,0.185584742,0.000469976,0.021678936
6/30/2020,920,136,0.147826087,0.185607725,0.000469394,0.0216655
7/1/2020,882,169,0.191609977,0.185628833,0.000469921,0.021677665
7/2/2020,892,153,0.171524664,0.185716655,0.000469466,0.021667169
7/3/2020,454,89,0.196035242,0.185902741,0.000469807,0.02167503
7/4/2020,241,43,0.178423237,0.186212289,0.000469585,0.021669906
7/5/2020,304,70,0.230263158,0.186670083,0.000469666,0.021671784
7/6/2020,988,173,0.175101215,0.18732691,0.000469726,0.021673162
7/7/2020,1068,161,0.150749064,0.188260173,0.000469531,0.021668667
7/8/2020,974,164,0.168377823,0.189511053,0.00046986,0.021676246
7/9/2020,866,133,0.153579677,0.191082049,0.000469429,0.021666319
7/10/2020,847,176,0.207792208,0.192888707,0.000469953,0.021678402
7/11/2020,546,102,0.186813187,0.194802331,0.000469381,0.021665212
7/12/2020,343,96,0.279883382,0.196696711,0.000469975,0.021678899
7/13/2020,1095,254,0.23196347,0.198482782,0.000469398,0.021665588
7/14/2020,971,154,0.158599382,0.200201285,0.000469913,0.021677487
7/15/2020,981,204,0.20795107,0.201924619,0.000469475,0.021667363
7/16/2020,857,140,0.16336056,0.203730715,0.000469796,0.021674772
7/17/2020,889,194,0.218222722,0.205668819,0.000469596,0.021670166
7/18/2020,536,112,0.208955224,0.207741796,0.000469654,0.02167151
7/19/2020,343,85,0.247813411,0.209959404,0.000469738,0.021673435
7/20/2020,996,195,0.195783133,0.212344448,0.000469521,0.021668435
7/21/2020,1090,211,0.193577982,0.214935915,0.000469869,0.021676472
7/22/2020,1022,192,0.187866928,0.217776817,0.000469423,0.021666174
7/23/2020,872,188,0.21559633,0.220846857,0.000469958,0.021678516
7/24/2020,797,194,0.243412798,0.224093025,0.00046938,0.021665186
7/25/2020,474,128,0.270042194,0.227457903,0.000469972,0.021678849
7/26/2020,315,84,0.266666667,0.230909109,0.000469402,0.021665686
7/27/2020,983,172,0.174974568,0.23450567,0.000469905,0.021677301
7/28/2020,947,185,0.195353749,0.238302628,0.000469483,0.021667564
7/29/2020,880,227,0.257954545,0.242300343,0.000469784,0.021674511
7/30/2020,739,181,0.244925575,0.246459789,0.000469608,0.02167043
7/31/2020,684,163,0.238304094,0.250693779,0.000469642,0.021671237
8/1/2020,415,134,0.322891566,0.254929433,0.00046975,0.021673708
8/2/2020,235,59,0.25106383,0.259117947,0.000469511,0.021668208
8/3/2020,846,236,0.278959811,0.263275324,0.000469879,0.02167669
8/4/2020,846,214,0.252955083,0.267461221,0.000469417,0.021666038
8/5/2020,732,147,0.200819672,0.27171832,0.000469962,0.021678618
8/6/2020,718,160,0.222841226,0.276051187,0.00046938,0.02166517
8/7/2020,660,193,0.292424242,0.280312785,0.00046997,0.021678785
8/8/2020,346,129,0.37283237,0.284320495,0.000469407,0.021665794
8/9/2020,198,75,0.378787879,0.287935987,0.000469897,0.021677105
8/10/2020,798,237,0.296992481,0.29111953,0.000469492,0.021667772
8/11/2020,704,146,0.207386364,0.294027341,0.000469773,0.021674246
8/12/2020,610,152,0.249180328,0.296790455,0.000469619,0.021670696
8/13/2020,618,188,0.30420712,0.299460717,0.000469631,0.021670965
8/14/2020,630,197,0.312698413,0.302016444,0.000469761,0.021673978
8/15/2020,348,110,0.316091954,0.304370115,0.000469502,0.021667987
8/16/2020,164,56,0.341463415,0.306464204,0.000469888,0.021676902
8/17/2020,660,187,0.283333333,0.308265009,0.000469412,0.021665911
8/18/2020,612,148,0.241830065,0.309745941,0.000469966,0.021678708
8/19/2020,605,217,0.358677686,0.310875756,0.000469379,0.021665165
8/20/2020,479,183,0.382045929,0.311584593,0.000469966,0.021678708
8/21/2020,514,142,0.276264591,0.311818641,0.000469412,0.021665911
8/22/2020,272,85,0.3125,0.311614463,0.000469888,0.021676902
8/23/2020,215,65,0.302325581,0.311023925,0.000469502,0.021667987
8/24/2020,619,221,0.357027464,0.310093301,0.000469761,0.021673978
8/25/2020,570,175,0.307017544,0.308894209,0.000469631,0.021670965
8/26/2020,559,159,0.284436494,0.307536083,0.000469619,0.021670696
8/27/2020,485,157,0.32371134,0.306136533,0.000469773,0.021674246
8/28/2020,449,147,0.327394209,0.304821032,0.000469492,0.021667772
8/29/2020,319,105,0.329153605,0.30374842,0.000469897,0.021677105
8/30/2020,156,32,0.205128205,0.303092087,0.000469407,0.021665794
8/31/2020,560,154,0.275,0.302967532,0.00046997,0.021678785
9/1/2020,519,146,0.281310212,0.303435627,0.00046938,0.02166517
9/2/2020,477,154,0.322851153,0.304422237,0.000469962,0.021678618
9/3/2020,510,155,0.303921569,0.30580581,0.000469417,0.021666038
9/4/2020,473,119,0.251585624,0.307442765,0.000469879,0.02167669
9/5/2020,293,103,0.351535836,0.309170552,0.000469511,0.021668208
9/6/2020,155,53,0.341935484,0.310797622,0.00046975,0.021673708
9/7/2020,205,75,0.365853659,0.31218718,0.000469642,0.021671237
9/8/2020,540,167,0.309259259,0.313286472,0.000469608,0.02167043
9/9/2020,502,150,0.298804781,0.314102792,0.000469784,0.021674511
9/10/2020,448,128,0.285714286,0.314689986,0.000469483,0.021667564
9/11/2020,453,121,0.267108168,0.31504523,0.000469905,0.021677301
9/12/2020,231,82,0.354978355,0.315122872,0.000469402,0.021665686
9/13/2020,137,48,0.350364964,0.314843879,0.000469972,0.021678849
9/14/2020,465,153,0.329032258,0.314133936,0.00046938,0.021665186
9/15/2020,458,145,0.316593886,0.313006939,0.000469958,0.021678516
9/16/2020,448,152,0.339285714,0.31152175,0.000469423,0.021666174
9/17/2020,451,145,0.321507761,0.309795983,0.000469869,0.021676472
9/18/2020,530,176,0.332075472,0.307991212,0.000469521,0.021668435
9/19/2020,324,109,0.336419753,0.30633478,0.000469738,0.021673435
9/20/2020,197,39,0.197969543,0.305062254,0.000469654,0.02167151
9/21/2020,651,175,0.268817204,0.304403521,0.000469596,0.021670166
9/22/2020,568,168,0.295774648,0.304462551,0.000469796,0.021674772
9/23/2020,557,134,0.240574506,0.30521723,0.000469475,0.021667363
9/24/2020,558,169,0.302867384,0.306532223,0.000469913,0.021677487
9/25/2020,509,174,0.341846758,0.308202395,0.000469398,0.021665588
9/26/2020,319,112,0.351097179,0.310014128,0.000469975,0.021678899
9/27/2020,199,65,0.326633166,0.311773865,0.000469381,0.021665212
9/28/2020,753,248,0.32934927,0.313391499,0.000469953,0.021678402
9/29/2020,608,184,0.302631579,0.31481634,0.000469429,0.021666319
9/30/2020,587,161,0.27427598,0.316028135,0.00046986,0.021676246
10/1/2020,554,165,0.297833935,0.316979891,0.000469531,0.021668667
10/2/2020,600,220,0.366666667,0.317563578,0.000469726,0.021673162
10/3/2020,390,161,0.412820513,0.317708735,0.000469666,0.021671784
10/4/2020,266,67,0.251879699,0.317405841,0.000469585,0.021669906
10/5/2020,860,264,0.306976744,0.316698327,0.000469807,0.02167503
10/6/2020,694,239,0.344380403,0.315673095,0.000469466,0.021667169
10/7/2020,697,232,0.332855093,0.314413887,0.000469921,0.021677665
10/8/2020,689,199,0.288824383,0.313004877,0.000469394,0.0216655
10/9/2020,670,213,0.317910448,0.311552355,0.000469976,0.021678936
10/10/2020,376,120,0.319148936,0.310167473,0.000469383,0.021665249
10/11/2020,248,61,0.245967742,0.308943186,0.000469948,0.021678276
10/12/2020,837,225,0.268817204,0.307926999,0.000469436,0.021666472
10/13/2020,734,200,0.272479564,0.307052426,0.00046985,0.021676014
10/14/2020,743,243,0.32705249,0.306187946,0.000469541,0.021668906
10/15/2020,745,259,0.347651007,0.305118828,0.000469714,0.021672887
10/16/2020,634,196,0.309148265,0.303667049,0.000469678,0.021672059
10/17/2020,399,155,0.388471178,0.301716916,0.000469574,0.02166965
10/18/2020,295,65,0.220338983,0.299231556,0.000469818,0.021675283
10/19/2020,882,251,0.284580499,0.296236047,0.000469458,0.021666983
10/20/2020,889,292,0.328458943,0.292724346,0.000469928,0.021677833
10/21/2020,760,238,0.313157895,0.288678286,0.000469391,0.021665422
10/22/2020,810,236,0.291358025,0.284128242,0.000469977,0.021678958
10/23/2020,792,188,0.237373737,0.279127745,0.000469385,0.021665296
10/24/2020,586,191,0.325938567,0.273746188,0.000469942,0.021678139
10/25/2020,333,74,0.222222222,0.268058208,0.000469443,0.021666634
10/26/2020,1097,342,0.311759344,0.262141601,0.000469839,0.021675776
10/27/2020,1036,242,0.233590734,0.256079611,0.000469552,0.021669149
10/28/2020,1067,213,0.199625117,0.249962757,0.000469702,0.021672611
10/29/2020,1211,254,0.209744013,0.243827246,0.00046969,0.021672335
10/30/2020,1104,309,0.279891304,0.237641838,0.000469563,0.021669397
10/31/2020,766,228,0.297650131,0.231376898,0.000469829,0.021675532
11/1/2020,544,112,0.205882353,0.225017038,0.00046945,0.021666805
11/2/2020,1628,411,0.252457002,0.218640465,0.000469935,0.021677991
11/3/2020,1520,284,0.186842105,0.212378776,0.000469388,0.021665354
11/4/2020,1794,280,0.156075808,0.206363299,0.000469978,0.021678965
11/5/2020,2029,321,0.158206013,0.200695801,0.000469388,0.021665354
11/6/2020,1888,417,0.220868644,0.195361192,0.000469935,0.021677991
11/7/2020,1369,285,0.208181154,0.190309418,0.00046945,0.021666805
11/8/2020,764,131,0.171465969,0.18547545,0.000469829,0.021675532
11/9/2020,2589,470,0.181537273,0.180796057,0.000469563,0.021669397
11/10/2020,2262,361,0.15959328,0.176214973,0.00046969,0.021672335
11/11/2020,2049,365,0.178135676,0.171663906,0.000469702,0.021672611
11/12/2020,2779,531,0.191075927,0.167061115,0.000469552,0.021669149
11/13/2020,2481,438,0.176541717,0.162352245,0.000469839,0.021675776
11/14/2020,1873,334,0.178323545,0.157510672,0.000469443,0.021666634
11/15/2020,1159,140,0.120793788,0.152555189,0.000469942,0.021678139
11/16/2020,3210,614,0.191277259,0.147533795,0.000469385,0.021665296
11/17/2020,3058,480,0.156965337,0.142521031,0.000469977,0.021678958
11/18/2020,2888,366,0.126731302,0.137611243,0.000469391,0.021665422
11/19/2020,2896,345,0.119129834,0.132937664,0.000469928,0.021677833
11/20/2020,3091,360,0.116467163,0.128629346,0.000469458,0.021666983
11/21/2020,1827,215,0.117679256,0.124780696,0.000469818,0.021675283
11/22/2020,1364,102,0.074780059,0.121447799,0.000469574,0.02166965
11/23/2020,3496,419,0.119851259,0.118629719,0.000469678,0.021672059
11/24/2020,3017,367,0.121644017,0.116282562,0.000469714,0.021672887
11/25/2020,2802,333,0.118843683,0.114318612,0.000469541,0.021668906
11/26/2020,531,39,0.073446328,0.112639454,0.00046985,0.021676014
11/27/2020,2535,349,0.137672584,0.111140919,0.000469436,0.021666472
11/28/2020,2108,371,0.175996205,0.109725968,0.000469948,0.021678276
11/29/2020,1266,114,0.090047393,0.108316339,0.000469383,0.021665249
11/30/2020,4650,511,0.109892473,0.106919349,0.000469976,0.021678936
12/1/2020,3214,381,0.118543871,0.105577845,0.000469394,0.0216655
12/2/2020,3097,333,0.10752341,0.104353236,0.000469921,0.021677665
12/3/2020,2959,297,0.100371747,0.10331633,0.000469466,0.021667169
12/4/2020,3001,261,0.08697101,0.102550166,0.000469807,0.02167503
12/5/2020,1769,189,0.106840023,0.102127057,0.000469585,0.021669906
12/6/2020,1109,75,0.067628494,0.102097584,0.000469666,0.021671784
12/7/2020,3548,369,0.104002255,0.102477808,0.000469726,0.021673162
12/8/2020,2871,229,0.079763149,0.103244589,0.000469531,0.021668667
12/9/2020,2616,252,0.096330275,0.104331499,0.00046986,0.021676246
12/10/2020,2573,294,0.114263506,0.105639716,0.000469429,0.021666319
12/11/2020,2631,344,0.130748765,0.107063039,0.000469953,0.021678402
12/12/2020,1708,253,0.148126464,0.10850441,0.000469381,0.021665212
12/13/2020,997,89,0.089267803,0.109936438,0.000469975,0.021678899
12/14/2020,3474,355,0.10218768,0.111356959,0.000469398,0.021665588
12/15/2020,2835,278,0.098059965,0.112768009,0.000469913,0.021677487
12/16/2020,2500,225,0.09,0.114150949,0.000469475,0.021667363
12/17/2020,2719,336,0.123574844,0.115436192,0.000469796,0.021674772
12/18/2020,2179,312,0.143184947,0.116546982,0.000469596,0.021670166
12/19/2020,1585,254,0.160252366,0.117408487,0.000469654,0.02167151
12/20/2020,1201,90,0.074937552,0.117990265,0.000469738,0.021673435
12/21/2020,2789,352,0.126210111,0.118308531,0.000469521,0.021668435
12/22/2020,2428,248,0.10214168,0.118362965,0.000469869,0.021676472
12/23/2020,2204,257,0.116606171,0.118137863,0.000469423,0.021666174
12/24/2020,1212,180,0.148514851,0.117605757,0.000469958,0.021678516
12/25/2020,284,32,0.112676056,0.116743016,0.00046938,0.021665186
12/26/2020,1922,338,0.175858481,0.115577224,0.000469972,0.021678849
12/27/2020,1088,105,0.096507353,0.11417497,0.000469402,0.021665686
12/28/2020,3374,443,0.131298162,0.112678828,0.000469905,0.021677301
12/29/2020,3011,288,0.095649286,0.111251906,0.000469483,0.021667564
12/30/2020,2998,232,0.077384923,0.110065994,0.000469784,0.021674511
12/31/2020,2307,218,0.094495015,0.109256551,0.000469608,0.02167043
1/1/2021,801,66,0.082397004,0.10889977,0.000469642,0.021671237
1/2/2021,2464,342,0.138798701,0.109027653,0.00046975,0.021673708
1/3/2021,1395,121,0.086738351,0.109630646,0.000469511,0.021668208
1/4/2021,3845,451,0.117295189,0.110692329,0.000469879,0.02167669
1/5/2021,3305,309,0.093494705,0.112190069,0.000469417,0.021666038
1/6/2021,2944,341,0.115828804,0.114079345,0.000469962,0.021678618
1/7/2021,2588,299,0.11553323,0.116302612,0.00046938,0.02166517
1/8/2021,2420,285,0.117768595,0.118789739,0.00046997,0.021678785
1/9/2021,1615,267,0.165325077,0.121475436,0.000469407,0.021665794
1/10/2021,978,91,0.093047035,0.124324065,0.000469897,0.021677105
1/11/2021,2721,395,0.145167218,0.127313603,0.000469492,0.021667772
1/12/2021,2223,276,0.124156545,0.130438274,0.000469773,0.021674246
1/13/2021,1903,225,0.118234367,0.133688281,0.000469619,0.021670696
1/14/2021,1988,256,0.128772636,0.137043981,0.000469631,0.021670965
1/15/2021,1775,274,0.154366197,0.140470054,0.000469761,0.021673978
1/16/2021,1108,188,0.16967509,0.143917101,0.000469502,0.021667987
1/17/2021,772,73,0.094559585,0.147348996,0.000469888,0.021676902
1/18/2021,1682,281,0.16706302,0.150735215,0.000469412,0.021665911
1/19/2021,1946,279,0.143371017,0.154013447,0.000469966,0.021678708
1/20/2021,1604,286,0.178304239,0.157108077,0.000469379,0.021665165
1/21/2021,1668,263,0.157673861,0.159951975,0.000469966,0.021678708
1/22/2021,1417,267,0.188426253,0.162496941,0.000469412,0.021665911
1/23/2021,1010,235,0.232673267,0.164747395,0.000469888,0.021676902
1/24/2021,623,54,0.086677368,0.166744913,0.000469502,0.021667987
1/25/2021,1802,334,0.185349612,0.168587329,0.000469761,0.021673978
1/26/2021,1487,267,0.179556153,0.170361573,0.000469631,0.021670965
1/27/2021,1288,229,0.177795031,0.172128014,0.000469619,0.021670696
1/28/2021,1337,154,0.115183246,0.173935062,0.000469773,0.021674246
1/29/2021,1158,193,0.166666667,0.175817838,0.000469492,0.021667772
1/30/2021,870,223,0.256321839,0.177767786,0.000469897,0.021677105
1/31/2021,536,51,0.095149254,0.179747242,0.000469407,0.021665794
2/1/2021,1463,279,0.190704033,0.181718231,0.00046997,0.021678785
2/2/2021,1313,235,0.178979436,0.183634269,0.00046938,0.02166517
2/3/2021,1121,235,0.209634255,0.185407613,0.000469962,0.021678618
2/4/2021,1039,203,0.195380173,0.18695032,0.000469417,0.021666038
2/5/2021,978,189,0.193251534,0.188212411,0.000469879,0.02167669
2/6/2021,626,147,0.234824281,0.189174128,0.000469511,0.021668208
2/7/2021,399,53,0.13283208,0.189862967,0.00046975,0.021673708
2/8/2021,1043,237,0.227229147,0.190319148,0.000469643,0.021671237
2/9/2021,969,218,0.2249742,0.190594494,0.000469608,0.02167043
2/10/2021,801,147,0.183520599,0.190783203,0.000469784,0.021674511
2/11/2021,784,156,0.198979592,0.191021426,0.000469483,0.021667564
2/12/2021,713,144,0.201963534,0.191473013,0.000469905,0.021677301
2/13/2021,230,34,0.147826087,0.192311505,0.000469402,0.021665687
2/14/2021,207,25,0.120772947,0.193657711,0.000469973,0.02167885
2/15/2021,566,101,0.17844523,0.195577471,0.00046938,0.021665187
2/16/2021,1034,230,0.222437137,0.197990049,0.000469958,0.021678518
2/17/2021,788,156,0.197969543,0.200770433,0.000469423,0.021666176
2/18/2021,721,163,0.226074896,0.203787723,0.00046987,0.021676474
2/19/2021,655,110,0.167938931,0.206915794,0.000469521,0.021668437
2/20/2021,482,120,0.248962656,0.210040322,0.000469738,0.021673438
2/21/2021,337,65,0.192878338,0.213051834,0.000469654,0.021671512
2/22/2021,761,188,0.247043364,0.21584707,0.000469596,0.021670169
2/23/2021,777,183,0.235521236,0.218354067,0.000469796,0.021674776
2/24/2021,700,154,0.22,0.220534012,0.000469475,0.021667371
2/25/2021,695,182,0.261870504,0.222400361,0.000469914,0.021677502
2/26/2021,568,129,0.227112676,0.224009616,0.000469399,0.021665616
2/27/2021,411,116,0.282238443,0.225493316,0.000469977,0.021678949
2/28/2021,300,48,0.16,0.227018433,0.000469385,0.021665296
3/1/2021,760,150,0.197368421,0.228768925,0.000469959,0.021678537
3/2/2021,727,159,0.218707015,0.230894187,0.000469438,0.021666524
3/3/2021,603,106,0.175787728,0.23342929,0.000469873,0.021676543
3/4/2021,620,132,0.212903226,0.236333726,0.000469549,0.021669079
3/5/2021,538,156,0.289962825,0.239461047,0.000469749,0.021673705
3/6/2021,375,95,0.253333333,0.242657112,0.000469696,0.021672468
3/7/2021,269,50,0.185873606,0.245772448,0.00046962,0.021670723
3/8/2021,729,191,0.262002743,0.248638004,0.000469847,0.021675955
3/9/2021,733,170,0.231923602,0.251064017,0.000469509,0.021668161
3/10/2021,631,171,0.270998415,0.252829466,0.000469965,0.021678675
3/11/2021,660,188,0.284848485,0.253702255,0.000469438,0.021666512
3/12/2021,570,155,0.271929825,0.253501212,0.000470023,0.02168002
3/13/2021,430,140,0.325581395,0.252089978,0.000469445,0.021666676
3/14/2021,245,38,0.155102041,0.249434651,0.000470051,0.021680668
3/15/2021,816,223,0.273284314,0.245524209,0.000469634,0.021671033
3/16/2021,703,199,0.283072546,0.240335124,0.000470231,0.021684803
3/17/2021,640,189,0.2953125,0.233892138,0.000470247,0.021685184
3/18/2021,697,181,0.259684362,0.226316681,0.000470952,0.02170142
3/19/2021,633,144,0.227488152,0.217833583,0.000471732,0.021719395
3/20/2021,519,113,0.217726397,0.20878676,0.000472809,0.021744178
3/21/2021,327,54,0.165137615,0.199548463,0.000474668,0.021786875
3/22/2021,975,129,0.132307692,0.190497347,0.000476393,0.021826422
3/23/2021,912,100,0.109649123,0.181892335,0.000479387,0.021894912
3/24/2021,930,149,0.160215054,0.173896617,0.0004817,0.021947665
3/25/2021,924,167,0.180735931,0.166514554,0.000485223,0.022027787
3/26/2021,845,107,0.126627219,0.159674314,0.000487321,0.022075348
3/27/2021,600,68,0.113333333,0.153247432,0.00048991,0.022133908
3/28/2021,357,36,0.100840336,0.147048303,0.000490491,0.022147032
3/29/2021,1116,183,0.163978495,0.140776272,0.000491068,0.022160051
3/30/2021,1097,164,0.149498633,0.134101538,0.000490985,0.022158188
3/31/2021,937,167,0.178228388,0.126678747,0.000493828,0.022222234
4/1/2021,897,145,0.161649944,0.118240752,0.000504001,0.022449971
4/2/2021,855,124,0.14502924,0.108627396,0.000530308,0.023028421
4/3/2021,560,120,0.214285714,0.097834227,0.00058707,0.024229526
4/4/2021,281,17,0.060498221,0.085995375,0.000693476,0.02633393
4/5/2021,910,33,0.036263736,0.073375014,0.00087813,0.029633251
4/6/2021,475,12,0.025263158,0.060291258,0.001173228,0.034252411
4/7/2021,31,0,0,0.046949412,0.001620726,0.040258241
